1,110001,Gol Dak Khana GPO - 110001 (Central Delhi)
2,110001,Baroda House - 110001 (Central Delhi)
3,110001,Bengali Market - 110001 (Central Delhi)
4,110001,Bhagat Singh Market - 110001 (Central Delhi)
5,110001,Connaught Place - 110001 (Central Delhi)
6,110001,Constitution House - 110001 (Central Delhi)
7,110001,Election Commission - 110001 (Central Delhi)
8,110001,Janpath - 110001 (Central Delhi)
9,110001,Krishi Bhawan - 110001 (Central Delhi)
10,110001,Lady Harding Medical College - 110001 (Central Delhi)
11,110001,North Avenue - 110001 (Central Delhi)
12,110001,Parliament House - 110001 (Central Delhi)
13,110001,Patiala House - 110001 (Central Delhi)
14,110001,Pragati Maidan Camp - 110001 (Central Delhi)
15,110001,Pragati Maidan - 110001 (Central Delhi)
16,110001,Rail Bhawan - 110001 (Central Delhi)
17,110001,Sansad Marg - 110001 (Central Delhi)
18,110001,Sansadiya Soudh - 110001 (Central Delhi)
19,110001,Secretariat North - 110001 (Central Delhi)
20,110001,Shastri Bhawan - 110001 (Central Delhi)
21,110001,Supreme Court - 110001 (Central Delhi)
22,110002,A.G.C.R. - 110002 (Central Delhi)
23,110002,Ajmeri Gate Extn. - 110002 (Central Delhi)
24,110002,Darya Ganj - 110002 (Central Delhi)
25,110002,Gandhi Smarak Nidhi - 110002 (Central Delhi)
26,110002,I.P.Estate - 110002 (Central Delhi)
27,110002,Indraprastha - 110002 (Central Delhi)
28,110002,Minto Road - 110002 (Central Delhi)
29,110003,Delhi High Court - 110003 (Central Delhi)
30,110003,Pandara Road - 110003 (Central Delhi)
31,110004,Rashtrapati Bhawan - 110004 (Central Delhi)
32,110005,Anand Parbat Indl. Area - 110005 (Central Delhi)
33,110005,Anand Parbat - 110005 (Central Delhi)
34,110005,Bank Street (Karol Bagh) - 110005 (Central Delhi)
35,110005,Desh Bandhu Gupta Road - 110005 (Central Delhi)
36,110005,Guru Gobind Singh Marg - 110005 (Central Delhi)
37,110005,Karol Bagh - 110005 (Central Delhi)
38,110005,Master Prithvi Nath Marg - 110005 (Central Delhi)
39,110005,Sat Nagar - 110005 (Central Delhi)
40,110006,Hauz Qazi - 110006 (Central Delhi)
41,110006,Jama Masjid - 110006 (Central Delhi)
42,110008,Dada Ghosh Bhawan - 110008 (Central Delhi)
43,110008,Patel Nagar East - 110008 (Central Delhi)
44,110008,Patel Nagar - 110008 (Central Delhi)
45,110008,Patel Nagar South - 110008 (Central Delhi)
46,110008,Patel Nagar West - 110008 (Central Delhi)
47,110011,Nirman Bhawan - 110011 (Central Delhi)
48,110011,South Avenue - 110011 (Central Delhi)
49,110011,Udyog Bhawan - 110011 (Central Delhi)
50,110012,I.A.R.I. - 110012 (Central Delhi)
51,110012,Inderpuri - 110012 (Central Delhi)
52,110012,National Physical Laboratory - 110012 (Central Delhi)
53,110055,A.K.Market - 110055 (Central Delhi)
54,110055,Multani Dhanda - 110055 (Central Delhi)
55,110055,Pahar Ganj - 110055 (Central Delhi)
56,110055,Swami Ram Tirth Nagar - 110055 (Central Delhi)
57,110060,Rajender Nagar - 110060 (Central Delhi)
58,110069,Union Public Service Commission - 110069 (Central Delhi)
59,,"--Area: East Delhi-- (heading only, not a selection)"
60,110031,Gandhi Nagar Bazar - 110031 (East Delhi)
61,110031,Gandhi Nagar - 110031 (East Delhi)
62,110031,Geeta Colony - 110031 (East Delhi)
63,110031,Kailash Nagar - 110031 (East Delhi)
64,110031,Raghubar Pura - 110031 (East Delhi)
65,110031,Rajgarh Colony - 110031 (East Delhi)
66,110031,Shastri Nagar - 110031 (East Delhi)
67,110032,Balbir Nagar - 110032 (East Delhi)
68,110032,Bhola Nath Nagar - 110032 (East Delhi)
69,110032,Karkardooma - 110032 (East Delhi)
70,110032,Bihari Colony - 110032 (East Delhi)
71,110032,Loni Road - 110032 (East Delhi)
72,110032,Man Sarovar Park - 110032 (East Delhi)
73,110032,Rohtash Nagar - 110032 (East Delhi)
74,110032,Shahdara Mandi - 110032 (East Delhi)
75,110032,Shahdara - 110032 (East Delhi)
76,110032,Shivaji Park - 110032 (East Delhi)
77,110032,Telewara - 110032 (East Delhi)
78,110032,Vishwas Nagar - 110032 (East Delhi)
79,110051,Azad Nagar - 110051 (East Delhi)
80,110051,Govind Pura - 110051 (East Delhi)
81,110051,Krishna Nagar - 110051 (East Delhi)
82,110051,Ram Nagar - 110051 (East Delhi)
83,110053,Brahampuri - 110053 (East Delhi)
84,110053,Ghonda - 110053 (East Delhi)
85,110053,Jafrabad - 110053 (East Delhi)
86,110053,Jagjit Nagar - 110053 (East Delhi)
87,110053,Maujpur - 110053 (East Delhi)
88,110053,New Usmanpur - 110053 (East Delhi)
89,110053,Seelampur - 110053 (East Delhi)
90,110053,Yamuna Vihar - 110053 (East Delhi)
91,110091,Chilla - 110091 (East Delhi)
92,110091,Himmatpuri - 110091 (East Delhi)
93,110091,Kalyanpuri - 110091 (East Delhi)
94,110091,Kalyanvas - 110091 (East Delhi)
95,110091,Mayur Vihar Ph-I - 110091 (East Delhi)
96,110091,Patparganj - 110091 (East Delhi)
97,110091,Trilok Puri - 110091 (East Delhi)
98,110092,Anand Vihar - 110092 (East Delhi)
99,110092,IP Extension - 110092 (East Delhi)
100,110092,Laxmi Nagar - 110092 (East Delhi)
101,110092,Mandawali Fazalpur - 110092 (East Delhi)
102,110092,Nirman Vihar - 110092 (East Delhi)
103,110092,Shakarpur - 110092 (East Delhi)
104,110092,Surajmal Vihar - 110092 (East Delhi)
105,110092,Yozna Vihar - 110092 (East Delhi)
106,110093,Harsh Vihar - 110093 (East Delhi)
107,110093,Loni Road Housing Complex - 110093 (East Delhi)
108,110093,"Nand Nagri ""A"" - 110093 (East Delhi)"
109,110093,"Nand Nagri ""C"" - 110093 (East Delhi)"
110,110094,Gokal Puri - 110094 (East Delhi)
111,110094,Johripur - 110094 (East Delhi)
112,110094,Karawal Nagar - 110094 (East Delhi)
113,110094,Khazuri Khas - 110094 (East Delhi)
114,110094,Sonia Vihar - 110094 (East Delhi)
115,110095,Dilshad Garden - 110095 (East Delhi)
116,110095,G.T.B. Hospital - 110095 (East Delhi)
117,110095,Jhilmil - 110095 (East Delhi)
118,110095,Jhilmil Tahirpur - 110095 (East Delhi)
119,110095,New Seemapuri - 110095 (East Delhi)
120,110095,Old Seemapuri - 110095 (East Delhi)
121,110095,V.K. Nagar - 110095 (East Delhi)
122,110095,Vivek Vihar - 110095 (East Delhi)
123,110096,Ghazipur - 110096 (East Delhi)
124,110096,Mayur Vihar Ph-III - 110096 (East Delhi)
125,110096,Vasundhra Enclave - 110096 (East Delhi)
126,,"--Area: North Delhi-- (heading only, not a selection)"
127,110006,Baratooti - 110006 (North Delhi)
128,110006,Chandni Chowk - 110006 (North Delhi)
129,110006,Chawri Bazar - 110006 (North Delhi)
130,110006,Dareeba - 110006 (North Delhi)
131,110006,Delhi G.P.O. - 110006 (North Delhi)
132,110006,Delhi Sadar Bazar - 110006 (North Delhi)
133,110006,S.T. Road - 110006 (North Delhi)
134,110007,C.C.I. - 110007 (North Delhi)
135,110007,Delhi University - 110007 (North Delhi)
136,110007,Gulabi Bagh - 110007 (North Delhi)
137,110007,Jawahar Nagar - 110007 (North Delhi)
138,110007,Kamla Nagar - 110007 (North Delhi)
139,110007,Malka Ganj - 110007 (North Delhi)
140,110007,Padam Nagar - 110007 (North Delhi)
141,110007,R.C.A.O. - 110007 (North Delhi)
142,110007,Rana Pratap Bagh - 110007 (North Delhi)
143,110007,Roop Nagar - 110007 (North Delhi)
144,110007,Roshan Ara Road - 110007 (North Delhi)
145,110007,Shakti Nagar S.O - 110007 (North Delhi)
146,110054,Civil Lines S.O - 110054 (North Delhi)
147,110054,District Courts S.O - 110054 (North Delhi)
148,110054,Patrachar Vidyalay - 110054 (North Delhi)
149,110054,Timarpur - 110054 (North Delhi)
150,110084,Burari - 110084 (North Delhi)
151,110084,Jagatpur - 110084 (North Delhi)
152,110084,Jharoda Majraa - 110084 (North Delhi)
153,110085,Avantika - 110085 (North Delhi)
154,,"--Area: North East Delhi-- (heading only, not a selection)"
155,110032,Babarpur S.O - 110032 (North East Delhi)
156,110053,Bhajan Pura - 110053 (North East Delhi)
157,110093,Mandoli Saboli - 110093 (North East Delhi)
158,110093,Sunder Nagari - 110093 (North East Delhi)
159,110094,Dayalpur - 110094 (North East Delhi)
160,110094,Shaheed Bhagat Singh Colony - 110094 (North East Delhi)
161,,"--Area: North West Delhi-- (heading only, not a selection)"
162,110009,Mukherjee Nagar - 110009 (North West Delhi)
163,110009,G.T.B.Nagar - 110009 (North West Delhi)
164,110009,Gujranwala Colony - 110009 (North West Delhi)
165,110009,H.S.Sangh - 110009 (North West Delhi)
166,110009,Model Town II - 110009 (North West Delhi)
167,110009,Model Town III - 110009 (North West Delhi)
168,110009,Nirankari Colony - 110009 (North West Delhi)
169,110033,Adrash Nagar - 110033 (North West Delhi)
170,110033,Bhalaswa - 110033 (North West Delhi)
171,110033,Jahangir Puri A Block - 110033 (North West Delhi)
172,110033,Jahangir Puri D Block - 110033 (North West Delhi)
173,110033,Jahangir Puri H Block - 110033 (North West Delhi)
174,110033,N.S.Mandi - 110033 (North West Delhi)
175,110034,Anandvas Shakurpur - 110034 (North West Delhi)
176,110034,Maurya Enclave - 110034 (North West Delhi)
177,110034,Rani Bagh - 110034 (North West Delhi)
178,110034,Saraswati Vihar - 110034 (North West Delhi)
179,110034,Shakur Pur I Block - 110034 (North West Delhi)
180,110034,Shakurbasti Rs - 110034 (North West Delhi)
181,110034,Sri Nagar Colony - 110034 (North West Delhi)
182,110035,Ganeshpura - 110035 (North West Delhi)
183,110035,Keshav Puram - 110035 (North West Delhi)
184,110035,Onkar Nagar - 110035 (North West Delhi)
185,110035,Power House - 110035 (North West Delhi)
186,110035,Rampura - 110035 (North West Delhi)
187,110035,Sarai Rohilla - 110035 (North West Delhi)
188,110036,Alipur - 110036 (North West Delhi)
189,110036,Bakhtawar Pur - 110036 (North West Delhi)
190,110036,Bakoli - 110036 (North West Delhi)
191,110036,Hiranki - 110036 (North West Delhi)
192,110036,Kadipur - 110036 (North West Delhi)
193,110036,Khampur - 110036 (North West Delhi)
194,110036,Mukhmelpur - 110036 (North West Delhi)
195,110036,Nangal Poona - 110036 (North West Delhi)
196,110036,Palla - 110036 (North West Delhi)
197,110036,Tajpur Kalan - 110036 (North West Delhi)
198,110039,Auchandi - 110039 (North West Delhi)
199,110039,Barwala - 110039 (North West Delhi)
200,110039,Bawana - 110039 (North West Delhi)
201,110039,Ghoga - 110039 (North West Delhi)
202,110039,Hareveli - 110039 (North West Delhi)
203,110039,Jat Khore - 110039 (North West Delhi)
204,110039,Katewara - 110039 (North West Delhi)
205,110039,Nangal Thakran - 110039 (North West Delhi)
206,110039,Pooth Khurd - 110039 (North West Delhi)
207,110039,Qutabagarh - 110039 (North West Delhi)
208,110040,Bankner - 110040 (North West Delhi)
209,110040,Bhorgarh - 110040 (North West Delhi)
210,110040,Kanya Gurukul - 110040 (North West Delhi)
211,110040,Lampur - 110040 (North West Delhi)
212,110040,Narela - 110040 (North West Delhi)
213,110040,Singhu - 110040 (North West Delhi)
214,110042,Badli - 110042 (North West Delhi)
215,110042,Delhi College of Engineering - 110042 (North West Delhi)
216,110042,Pehlad Pur - 110042 (North West Delhi)
217,110042,Samai Pur - 110042 (North West Delhi)
218,110042,Siraspur - 110042 (North West Delhi)
219,110052,Ashok Vihar - 110052 (North West Delhi)
220,110052,Nimri - 110052 (North West Delhi)
221,110052,Satyawati Nagar - 110052 (North West Delhi)
222,110052,Shastri Nagar - 110052 (North West Delhi)
223,110052,Wazir Pur III - 110052 (North West Delhi)
224,110056,Shakur Basti Depot - 110056 (North West Delhi)
225,110081,Chand Pur - 110081 (North West Delhi)
226,110081,Gheora - 110081 (North West Delhi)
227,110081,Jaunti - 110081 (North West Delhi)
228,110081,Kanjhawla - 110081 (North West Delhi)
229,110081,Karala - 110081 (North West Delhi)
230,110081,Lad Pur - 110081 (North West Delhi)
231,110081,Majra Dabas - 110081 (North West Delhi)
232,110081,Mubarak Pur Dabas - 110081 (North West Delhi)
233,110081,Nizampur - 110081 (North West Delhi)
234,110081,Punjab Khor - 110081 (North West Delhi)
235,110081,Rani Khera - 110081 (North West Delhi)
236,110082,Holambi Kalan - 110082 (North West Delhi)
237,110082,Khera Kalan - 110082 (North West Delhi)
238,110082,Khera Khurd - 110082 (North West Delhi)
239,110082,Naya Bans - 110082 (North West Delhi)
240,110083,Mangolpuri A Block - 110083 (North West Delhi)
241,110083,Mangolpuri I Block - 110083 (North West Delhi)
242,110083,Mangolpuri N Block - 110083 (North West Delhi)
243,110083,Mangolpuri S Block - 110083 (North West Delhi)
244,110085,Prashant Vihar - 110085 (North West Delhi)
245,110085,Rithala - 110085 (North West Delhi)
246,110085,Rohini Courts - 110085 (North West Delhi)
247,110085,Rohini sec-11 - 110085 (North West Delhi)
248,110085,Rohini Sector 5 - 110085 (North West Delhi)
249,110085,Rohini Sector-7 - 110085 (North West Delhi)
250,110086,Begumpur - 110086 (North West Delhi)
251,110086,Budh Vihar - 110086 (North West Delhi)
252,110086,Pooth Kalan - 110086 (North West Delhi)
253,110086,Pooth Kalan Resettlement - 110086 (North West Delhi)
254,110086,Sultanpuri B Block - 110086 (North West Delhi)
255,110086,Sultanpuri C Block - 110086 (North West Delhi)
256,110086,Sultanpuri F Block - 110086 (North West Delhi)
257,110088,Haiderpur - 110088 (North West Delhi)
258,110088,Shalamar - 110088 (North West Delhi)
259,110088,Shalimar Bagh S.O - 110088 (North West Delhi)
260,110089,Rohini Sector 15 - 110089 (North West Delhi)
261,110094,Sabhapur - 110094 (North West Delhi)
262,,"--Area: South Delhi-- (heading only, not a selection)"
263,110003,Aliganj S.O - 110003 (South Delhi)
264,110003,C G O Complex - 110003 (South Delhi)
265,110003,Golf Links - 110003 (South Delhi)
266,110003,Kasturba Nagar S.O - 110003 (South Delhi)
267,110003,Lodi Road - 110003 (South Delhi)
268,110003,Pragati Vihar - 110003 (South Delhi)
269,110003,Safdarjung Air Port - 110003 (South Delhi)
270,110013,Dargah Sharif - 110013 (South Delhi)
271,110013,Hazrat Nizamuddin - 110013 (South Delhi)
272,110014,Hari Nagar Ashram - 110014 (South Delhi)
273,110014,Jeevan Nagar - 110014 (South Delhi)
274,110014,Jungpura - 110014 (South Delhi)
275,110014,Pratap Market - 110014 (South Delhi)
276,110017,"Distt. Court Complex, Saket - 110017 (South Delhi)"
277,110017,Malviya Nagar - 110017 (South Delhi)
278,110017,MMTC/STC Colony - 110017 (South Delhi)
279,110017,Panchsheel Enclave - 110017 (South Delhi)
280,110017,Pushp Vihar - 110017 (South Delhi)
281,110017,Saket - 110017 (South Delhi)
282,110017,Sarvodya Enclave - 110017 (South Delhi)
283,110017,South Malviya Nagar - 110017 (South Delhi)
284,110019,Alaknanda - 110019 (South Delhi)
285,110019,Ali - 110019 (South Delhi)
286,110019,Chittranjan Park - 110019 (South Delhi)
287,110019,Kalkaji - 110019 (South Delhi)
288,110019,Lal Kuan - 110019 (South Delhi)
289,110019,Nehru Place - 110019 (South Delhi)
290,110019,Tehkhand - 110019 (South Delhi)
291,110019,Tugalkabad - 110019 (South Delhi)
292,110020,C R R I - 110020 (South Delhi)
293,110020,F F C Okhla - 110020 (South Delhi)
294,110020,Okhla Industrial Area Phase-i - 110020 (South Delhi)
295,110020,Okhla Industrial Estate - 110020 (South Delhi)
296,110024,Amar Colony - 110024 (South Delhi)
297,110024,Defence Colony - 110024 (South Delhi)
298,110024,Krishna Market - 110024 (South Delhi)
299,110024,Lajpat Nagar - 110024 (South Delhi)
300,110025,Abul Fazal Enclave-I - 110025 (South Delhi)
301,110025,Jamia Nagar - 110025 (South Delhi)
302,110025,New Friends Colony - 110025 (South Delhi)
303,110025,Sukhdev Vihar - 110025 (South Delhi)
304,110025,Zakir Nagar - 110025 (South Delhi)
305,110044,Badarpur - 110044 (South Delhi)
306,110044,BTPS - 110044 (South Delhi)
307,110044,Jaitpur - 110044 (South Delhi)
308,110044,Molarband - 110044 (South Delhi)
309,110044,Pul Pahladpur - 110044 (South Delhi)
310,110044,Tugalkabad Railway Colony - 110044 (South Delhi)
311,110048,Greater Kailash - 110048 (South Delhi)
312,110048,Kailash Colony - 110048 (South Delhi)
313,110048,Masjid Moth - 110048 (South Delhi)
314,110049,Andrewsganj - 110049 (South Delhi)
315,110049,Gautam Nagar - 110049 (South Delhi)
316,110049,Gulmohar Park - 110049 (South Delhi)
317,110049,New Delhi South Ext-II - 110049 (South Delhi)
318,110049,Sadiq Nagar - 110049 (South Delhi)
319,110049,Sahpurjat - 110049 (South Delhi)
320,110062,Air Force Station Tugalkabad - 110062 (South Delhi)
321,110062,BSF Camp Tigri - 110062 (South Delhi)
322,110062,Dakshinpuri Phase-I - 110062 (South Delhi)
323,110062,Dakshinpuri Phase-II - 110062 (South Delhi)
324,110062,Dakshinpuri Phase-III - 110062 (South Delhi)
325,110062,Deoli - 110062 (South Delhi)
326,110062,Ambedkar Nagar - 110062 (South Delhi)
327,110062,Hamdard Nagar - 110062 (South Delhi)
328,110062,Khanpur - 110062 (South Delhi)
329,110062,Pushpa Bhawan - 110062 (South Delhi)
330,110062,Sangam Vihar - 110062 (South Delhi)
331,110062,Talimabad - 110062 (South Delhi)
332,110065,East Of Kailash Phase-I - 110065 (South Delhi)
333,110065,East Of Kailash - 110065 (South Delhi)
334,110065,Nehru Nagar - 110065 (South Delhi)
335,110065,Sant Nagar - 110065 (South Delhi)
336,110065,Sriniwaspuri - 110065 (South Delhi)
337,110076,Madanpur Khadar - 110076 (South Delhi)
338,110076,Sarita Vihar - 110076 (South Delhi)
339,,"--Area: South West Delhi-- (heading only, not a selection)"
340,110016,Technology Bhawan - 110016 (South West Delhi)
341,110010,505 A B Workshop - 110010 (South West Delhi)
342,110010,A F Palam - 110010 (South West Delhi)
343,110010,Aps Colony - 110010 (South West Delhi)
344,110010,Bazar Road - 110010 (South West Delhi)
345,110010,C.V.D. - 110010 (South West Delhi)
346,110010,COD - 110010 (South West Delhi)
347,110010,Delhi Cantt - 110010 (South West Delhi)
348,110010,Dhaula Kuan - 110010 (South West Delhi)
349,110010,Kirby Place - 110010 (South West Delhi)
350,110010,Pinto Park - 110010 (South West Delhi)
351,110010,R R Hospital - 110010 (South West Delhi)
352,110010,Signal Enclave - 110010 (South West Delhi)
353,110010,Station Road - 110010 (South West Delhi)
354,110010,Subroto Park - 110010 (South West Delhi)
355,110016,Green Park Market - 110016 (South West Delhi)
356,110016,Hauz Khas Market - 110016 (South West Delhi)
357,110016,Hauz Khas - 110016 (South West Delhi)
358,110016,IT Hauz Khas - 110016 (South West Delhi)
359,110016,NIE Campus - 110016 (South West Delhi)
360,110021,Anand Niketan - 110021 (South West Delhi)
361,110021,Chanakya Puri - 110021 (South West Delhi)
362,110021,Malcha Marg - 110021 (South West Delhi)
363,110021,Moti Bagh - 110021 (South West Delhi)
364,110021,Nanak Pura - 110021 (South West Delhi)
365,110021,South Delhi Campus - 110021 (South West Delhi)
366,110022,R K Puram Sect-1 - 110022 (South West Delhi)
367,110022,R K Puram Sect-12 - 110022 (South West Delhi)
368,110022,R K Puram Sect-3 - 110022 (South West Delhi)
369,110022,R K Puram Sect-4 - 110022 (South West Delhi)
370,110022,R K Puram Sect-5 - 110022 (South West Delhi)
371,110022,R K Puram Sect7 - 110022 (South West Delhi)
372,110022,R K Puram Sect-8 - 110022 (South West Delhi)
373,110022,R K Puram Sector - 6 Postal SB - 110022 (South West Delhi)
374,110023,Kidwai Nagar East - 110023 (South West Delhi)
375,110023,Kidwai Nagar West - 110023 (South West Delhi)
376,110023,Laxmi Bai Nagar - 110023 (South West Delhi)
377,110023,Nauroji Nagar - 110023 (South West Delhi)
378,110023,Netaji Nagar - 110023 (South West Delhi)
379,110023,Sarojini Nagar - 110023 (South West Delhi)
380,110028,Kair - 110028 (South West Delhi)
381,110028,Khaira - 110028 (South West Delhi)
382,110028,Naraina Industrial Estate - 110028 (South West Delhi)
383,110028,Naraina Village - 110028 (South West Delhi)
384,110029,Nauroji Nagar - 110029 (South West Delhi)
385,110029,Ansari Nagar - 110029 (South West Delhi)
386,110029,Safdarjung Enclave - 110029 (South West Delhi)
387,110030,Gadaipur - 110030 (South West Delhi)
388,110030,Ghitorni - 110030 (South West Delhi)
389,110030,Lado Sarai - 110030 (South West Delhi)
390,110030,Mehrauli - 110030 (South West Delhi)
391,110030,Paryavaran Complex - 110030 (South West Delhi)
392,110030,Sultanpur - 110030 (South West Delhi)
393,110030,T B Hospital - 110030 (South West Delhi)
394,110037,Gurgaon Road - 110037 (South West Delhi)
395,110037,IGI Airport - 110037 (South West Delhi)
396,110037,Kapashera - 110037 (South West Delhi)
397,110037,Mahipalpur - 110037 (South West Delhi)
398,110037,Nangal Dewat - 110037 (South West Delhi)
399,110037,Palam Airport - 110037 (South West Delhi)
400,110037,Samalkha - 110037 (South West Delhi)
401,110038,A F Rajokari - 110038 (South West Delhi)
402,110038,Rajokari - 110038 (South West Delhi)
403,110043,Baprola - 110043 (South West Delhi)
404,110043,D C Nangli Sakravati - 110043 (South West Delhi)
405,110043,Daulatpur - 110043 (South West Delhi)
406,110043,Dichaun Kalan - 110043 (South West Delhi)
407,110043,Dindarpur - 110043 (South West Delhi)
408,110043,Jhatikara - 110043 (South West Delhi)
409,110043,Mitraon - 110043 (South West Delhi)
410,110043,Najafgarh - 110043 (South West Delhi)
411,110043,Pandwala Kalan - 110043 (South West Delhi)
412,110043,Papravat - 110043 (South West Delhi)
413,110043,Rewla Khanpur - 110043 (South West Delhi)
414,110043,Surehra - 110043 (South West Delhi)
415,110043,Tilangpur Kotla - 110043 (South West Delhi)
416,110045,Dabri - 110045 (South West Delhi)
417,110045,Indira Park - 110045 (South West Delhi)
418,110045,Nasirpur - 110045 (South West Delhi)
419,110045,Palam Village - 110045 (South West Delhi)
420,110046,Nangal Raya - 110046 (South West Delhi)
421,110046,Sagarpur - 110046 (South West Delhi)
422,110047,Arjungarh - 110047 (South West Delhi)
423,110047,Aya Nagar - 110047 (South West Delhi)
424,110047,Jaunapur - 110047 (South West Delhi)
425,110047,Mandi - 110047 (South West Delhi)
426,110057,Vasant Vihar-1 - 110057 (South West Delhi)
427,110057,Vasant Vihar-2 - 110057 (South West Delhi)
428,110061,Bijwasan - 110061 (South West Delhi)
429,110061,Shahbad Mohammadpur - 110061 (South West Delhi)
430,110064,Maya Puri - 110064 (South West Delhi)
431,110064,Mayapuri Shopping Centre - 110064 (South West Delhi)
432,110066,R K Puram (Main) - 110066 (South West Delhi)
433,110066,R K Puram West - 110066 (South West Delhi)
434,110067,J.N.U. - 110067 (South West Delhi)
435,110067,JNU New Campus - 110067 (South West Delhi)
436,110067,Munirka - 110067 (South West Delhi)
437,110068,Ignou - 110068 (South West Delhi)
438,110068,Maidan Garhi - 110068 (South West Delhi)
439,110068,Neb Sarai - 110068 (South West Delhi)
440,110070,Masood Pur - 110070 (South West Delhi)
441,110070,Vasant Kunj Pkt-A - 110070 (South West Delhi)
442,110070,Vasant Kunj - 110070 (South West Delhi)
443,110071,Badusarai - 110071 (South West Delhi)
444,110071,Chhawla - 110071 (South West Delhi)
445,110071,D C Goyla - 110071 (South West Delhi)
446,110071,Kangan Heri - 110071 (South West Delhi)
447,110072,CRPF Jharoda Kalan - 110072 (South West Delhi)
448,110072,Jharoda Kalan - 110072 (South West Delhi)
449,110073,Dhansa - 110073 (South West Delhi)
450,110073,Galib Pur - 110073 (South West Delhi)
451,110073,Ghuman Hera - 110073 (South West Delhi)
452,110073,Issapur - 110073 (South West Delhi)
453,110073,Jafarpur - 110073 (South West Delhi)
454,110073,Khera Dabur - 110073 (South West Delhi)
455,110073,Malik Pur - 110073 (South West Delhi)
456,110073,Mundela Kalan - 110073 (South West Delhi)
457,110073,Quazipur - 110073 (South West Delhi)
458,110073,Raota - 110073 (South West Delhi)
459,110073,Ujwa - 110073 (South West Delhi)
460,110074,C.S.K.M. School - 110074 (South West Delhi)
461,110074,Chandanhoola - 110074 (South West Delhi)
462,110074,Chattarpur - 110074 (South West Delhi)
463,110074,Dera - 110074 (South West Delhi)
464,110074,Fatehpur Beri - 110074 (South West Delhi)
465,110074,Sardar Patel School - 110074 (South West Delhi)
466,110074,Satbari - 110074 (South West Delhi)
467,110075,Amberhai - 110075 (South West Delhi)
468,110075,District Court Complex Dwarka - 110075 (South West Delhi)
469,110075,Dwarka Sec-6 - 110075 (South West Delhi)
470,110077,Bagdola - 110077 (South West Delhi)
471,110077,Barthal - 110077 (South West Delhi)
472,110077,Dhulsiras - 110077 (South West Delhi)
473,110077,Raj Nagar - II - 110077 (South West Delhi)
474,110078,Kakrola - 110078 (South West Delhi)
475,110078,N.S.I.T. Dwarka - 110078 (South West Delhi)
476,,"--Area: West Delhi-- (heading only, not a selection)"
477,110015,Delhi Industrial Area - 110015 (West Delhi)
478,110015,ESI - 110015 (West Delhi)
479,110015,Karam Pura - 110015 (West Delhi)
480,110015,L. M. Nagar Indl. Area - 110015 (West Delhi)
481,110015,Mansarover Garden - 110015 (West Delhi)
482,110015,N.I.Area - 110015 (West Delhi)
483,110015,Ramesh Nagar - 110015 (West Delhi)
484,110015,Zakhira - 110015 (West Delhi)
485,110018,Ashok Nagar - 110018 (West Delhi)
486,110018,Chand Nagar - 110018 (West Delhi)
487,110018,Chaukhandi - 110018 (West Delhi)
488,110018,Fateh Nagar - 110018 (West Delhi)
489,110018,Khyala Phase - I - 110018 (West Delhi)
490,110018,Khyala Phase - II - 110018 (West Delhi)
491,110018,M.B.S. Nagar - 110018 (West Delhi)
492,110018,Mahabir Nagar - 110018 (West Delhi)
493,110018,Tilak Nagar East - 110018 (West Delhi)
494,110018,Tilak Nagar - 110018 (West Delhi)
495,110018,Vikas Puri - 110018 (West Delhi)
496,110018,Vishnu Garden - 110018 (West Delhi)
497,110026,Ashoka Park Extn. - 110026 (West Delhi)
498,110026,Punjabi Bagh - 110026 (West Delhi)
499,110026,Punjabi Bagh Sec - III - 110026 (West Delhi)
500,110026,Shivaji Park - 110026 (West Delhi)
501,110027,Janta Market - 110027 (West Delhi)
502,110027,Rajouri Garden J-6 - 110027 (West Delhi)
503,110027,Rajouri Market - 110027 (West Delhi)
504,110027,Subhash Nagar - 110027 (West Delhi)
505,110027,Subhash Nagar West - 110027 (West Delhi)
506,110027,Tagore Garden - 110027 (West Delhi)
507,110041,Bakkarwala - 110041 (West Delhi)
508,110041,Hirankudna - 110041 (West Delhi)
509,110041,Mundka - 110041 (West Delhi)
510,110041,Nangloi - II - 110041 (West Delhi)
511,110041,Nangloi - III - 110041 (West Delhi)
512,110041,Nangloi - 110041 (West Delhi)
513,110041,Nilothi - 110041 (West Delhi)
514,110041,Ranhola - 110041 (West Delhi)
515,110041,Tikri Kalan - 110041 (West Delhi)
516,110058,D.E.S.U. Colony - 110058 (West Delhi)
517,110058,Jail Road - 110058 (West Delhi)
518,110058,Janakpuri A-3 - 110058 (West Delhi)
519,110058,Janakpuri B-1 - 110058 (West Delhi)
520,110058,Janakpuri C-4 - 110058 (West Delhi)
521,110059,D. K. Mohan Garden - 110059 (West Delhi)
522,110059,Hastal Village - 110059 (West Delhi)
523,110059,Jeevan Park - 110059 (West Delhi)
524,110059,Matiala - 110059 (West Delhi)
525,110059,Uttam Nagar - 110059 (West Delhi)
526,110063,Jawala Heri - 110063 (West Delhi)
527,110063,Madipur Slum Quarter - 110063 (West Delhi)
528,110063,Madipur Village - 110063 (West Delhi)
529,110063,Paschim Vihar B Block - 110063 (West Delhi)
530,110063,Paschim Vihar - 110063 (West Delhi)
531,110063,Peeragarhi - 110063 (West Delhi)
532,110064,Hari Nagar BE Block - 110064 (West Delhi)
533,110064,Hari Nagar Dadb Block - 110064 (West Delhi)
534,110064,Hari Nagar - 110064 (West Delhi)
535,110077,Palam Extn (Harijan Basti) - 110077 (West Delhi)
536,110078,"Distt. Court Complex, Dwarka - 110078 (West Delhi)"
537,110087,Jwala Puri - 110087 (West Delhi)
538,110087,Sunder Vihar - 110087 (West Delhi)
